{"cameraMode":{"drawMode":0,"name":"Shaded","section":"Shading Mode"},"sceneLighting":false,"audioPlay":false,"sceneViewState":{"showFog":true,"showMaterialUpdate":false,"showSkybox":false,"showFlares":true,"showImageEffects":true,"showParticleSystems":true},"in2DMode":false,"pivot":{"x":789.8294067382813,"y":2638.080810546875,"z":82.25958251953125},"rotation":{"x":-0.10410261899232865,"y":-0.1376902312040329,"z":0.014553924091160298,"w":-0.9848836064338684},"size":282.84271240234377,"orthographic":false}